S04V1 Raw Sound Vel m/ms,S07V1 Raw Sound Vel m/ms,S08V1 Raw Sound Vel m/ms,Seq
1.5424,1.5423,1.5416,001
1.5424,1.5424,1.5417,002
1.5424,1.5424,1.5417,003
1.5425,1.5424,1.5418,004
1.5424,1.5423,1.5417,005
1.5424,1.5424,1.5419,006
1.5424,1.5424,1.5419,007
1.5424,1.5424,1.542,008
1.5425,1.5424,1.5421,009
1.5425,1.5425,1.5421,010
1.5425,1.5425,1.5422,011
1.5426,1.5425,1.5423,012
1.5424,1.5424,1.5422,013
1.5424,1.5424,1.5422,014
1.5423,1.5423,1.5422,015
1.5423,1.5424,1.5423,016
1.5424,1.5424,1.5424,017
1.5424,1.5425,1.5424,018
1.5424,1.5425,1.5425,019
1.5423,1.5425,1.5425,020
1.542,1.5421,1.5422,021
1.5421,1.5423,1.5423,022
1.5421,1.5424,1.5424,023
1.5424,1.5427,1.5427,024
1.5425,1.5427,1.5428,025
1.5428,1.5438,1.5432,026
1.5427,1.5428,1.5432,027
1.5436,1.5439,1.544,028
1.5435,1.5437,1.5442,029
1.5438,1.5444,1.5442,030
1.5439,1.5455,1.5447,031
1.5441,1.5505,1.5443,032
