V1 BSP m/s,V1WS1 Calc,Seq
2.1541,2.36,001
2.358,2.2,002
2.1108,2.36,003
2.3376,2.31,004
2.1581,2.42,005
2.3555,2.38,006
2.3058,2.39,007
2.352,2.47,008
2.3426,2.31,009
2.3384,2.55,010
2.3489,2.35,011
2.3601,2.41,012
2.3569,2.27,013
2.3585,2.49,014
2.3583,2.2,015
2.3141,2.5,016
2.367,2.29,017
2.2216,2.51,018
2.3595,2.19,019
2.1348,2.49,020
2.3679,2.29,021
2.183,2.5,022
2.3164,2.22,023
2.1322,2.51,024
2.3526,2.17,025
2.1214,2.56,026
2.3603,2.11,027
2.1689,2.53,028
2.3584,2.13,029
2.2573,2.49,030
2.3594,2.18,031
2.2613,2.51,032
2.3619,2.15,033
2.3281,2.56,034
2.4501,2.27,035
2.3967,2.52,036
